{"MyProblem_A&nitrate_respiration1_re": 0.8770066532381127, "MyProblem_A&nitrate_respiration2_re": 0.8206677653665385, "MyProblem_A&nitrate_respiration3_re": 0.8393456631874504}